﻿<?xml version='1.0' encoding='utf-8'?>
<addon id="plugin.video.stream-cinema" name="Stream Cinema CZ a SK" provider-name="bbaron" version="1.1.6">
    <requires>
        <import addon="xbmc.python" version="2.14.0" />
        <import addon="script.module.stream.resolver" version="1.6.51" />
        <import addon="script.common.plugin.cache" version="2.5.0" />
        <import addon="script.module.buggalo" version="1.1.2" />
        <import addon="script.module.elementtree" version="1.2.7" />
        <!-- import addon="script.trakt" version="3.1.7" /-->
        <!-- import addon="script.module.urlresolver" version="3.0.27" /-->
    </requires>
    <extension library="default.py" point="xbmc.python.pluginsource">
        <provides>video</provides>
    </extension>
    <extension library="service.py" point="xbmc.service" start="startup">
        <provides>service</provides>
    </extension>
    <extension point="xbmc.addon.metadata">
        <summary lang="en">stream-cinema.online</summary>
        <description lang="en">stream-cinema.online</description>
        <disclaimer lang="en">Watch online movies from stream-cinema.online</disclaimer>
        <platform>all</platform>
        <license>GNU GENERAL PUBLIC LICENSE. Version 3, 29 June 2007</license>
        <source>https://github.com/bbaronSVK/plugin.video.stream-cinema</source>
        <assets>
            <icon>icon.png</icon>
            <fanart>fanart.jpg</fanart>
            <screenshot></screenshot>
        </assets>
    </extension>
</addon>
