<?xml version="1.0" encoding="UTF-8" standalone="yes"?>
<addon id="metadata.bbaron"
       name="MOVIE SCRAPER BBARON"
       version="1.6"
       provider-name="BBaron">
    <requires>
        <import addon="xbmc.metadata" version="2.1.0"/>
        <import addon="metadata.common.themoviedb.org" version="2.12.1"/>
        <import addon="metadata.common.imdb.com" version="2.7.8"/>
    </requires>
    <extension point="xbmc.metadata.scraper.movies"
               language="cs"
               library="bbaron.xml"/>
    <extension point="xbmc.addon.metadata">
        <summary lang="sk">Jeho funkcia spočíva v tom, že stiahne informácie z viacrích zdrojov pre vašu filmovú databázu.
            Po nainštalovaní MOVIE SCRAPER BBARON je možné v nastaveniach zvoliť jazyk, podla kterého sa bude vytvárať databáza filmov. 
            Na výber je ORIGINAL(vacsinou anglický)/ CZ / SK. </summary>
        <summary lang="cz">Jeho funkce spočívá v tom, že stáhne informace z více zdroju pro vaše filmové databáze.
            Po nainstalování MOVIE SCRAPER BBARON je možné v nastavení zvolit jazyk, podle kterého se bude vytvářet databáze filmů. 
            Na výběr je ORIGINAL(vetsinou anglický)/ CZ / SK. </summary>
        <summary lang="en">MOVIE SCRAPER BBARON</summary>
        <description lang="cs">Jeho funkce spočívá v tom, že stáhne informace z více zdroju pro vaše filmové databáze.
            Po nainstalování MOVIE SCRAPER BBARON je možné v nastavení zvolit jazyk, podle kterého se bude vytvářet databáze filmů. 
            Na výběr je ORIGINAL(většinou anglický)/ CZ / SK. 
        </description>
        <platform>all</platform>
        <source>https://github.com/bbaronSVK/metadata.bbaron</source>
    </extension>
</addon>
