﻿<?xml version="1.0" encoding="UTF-8" standalone="yes"?>
<addon id="plugin.video.idnestv"
       name="iDNES[COLOR blue]>[/COLOR]tv"
       version="1.0.0"
       provider-name="Jan Heřman (72ka)">
  <requires>
    <import addon="xbmc.python" version="2.1.0"/>
    <import addon="script.module.dmd-czech.common" version="1.5.5"/>
    <import addon="script.module.requests" version="2.4.3"/>
  </requires>
  <extension point="xbmc.python.pluginsource" library="default.py">
    <provides>video</provides>
  </extension>
  <extension point="xbmc.addon.metadata">
    <platform>all</platform>
    <summary>Watch videos from czech server video.idnes.cz</summary>
    <summary lang="cs">Sledujte videa ze serveru video.idnes.cz</summary>
    <description>
        Plugin to play TV video from video.idnes.cz
    </description>
    <description lang="cs">
        Plugin pro přehrávání videí z video.idnes.cz
    </description>
    <source>https://github.com/kodi-czsk/plugin.video.idnestv</source>
  </extension>
</addon>
