<?xml version='1.0' encoding='utf-8'?>
<addon id="plugin.video.barrandov.tv" name="barrandov.tv" provider-name="Maros Ondrasek" version="1.1.0">
  <requires>
    <import addon="xbmc.python" version="2.1.0" />
    <import addon="script.module.stream.resolver" version="1.6.13" />
  </requires>
  <extension library="default.py" point="xbmc.python.pluginsource" provides="video">
    <provides>video</provides>
  </extension>
  <extension point="xbmc.addon.metadata">
    <summary lang="en">barrandov.tv</summary>
    <summary lang="cs">barrandov.tv</summary>
    <summary lang="sk">barrandov.tv</summary>
    <description lang="en">Watch online TV archive from barrandov.tv</description>
    <description lang="cs">Sledujte TV archiv zo serveru barrandov.tv</description>
    <description lang="sk">Sledujte TV archív zo serveru barrandov.tv</description>
    <platform>all</platform>
  </extension>
</addon>
