<?xml version='1.0' encoding='utf-8'?>
<addon id="plugin.video.mojevideo.sk" name="mojevideo.sk" provider-name="jose1711" version="0.3.4">
  <requires>
    <import addon="xbmc.python" version="2.1.0" />
    <import addon="script.module.stream.resolver" version="1.6.55" />
  </requires>
  <extension library="default.py" point="xbmc.python.pluginsource" provides="video">
    <provides>video</provides>
  </extension>
  <extension point="xbmc.addon.metadata">
    <summary lang="en">mojevideo.sk</summary>
    <summary lang="cs">mojevideo.sk</summary>
    <summary lang="sk">mojevideo.sk</summary>
    <description lang="en">Watch content from mojevideo.sk</description>
    <description lang="cs">Sleduj videa z mojevideo.sk</description>
    <description lang="sk">Videá z mojevideo.sk</description>
    <platform>all</platform>
  </extension>
</addon>
