<?xml version='1.0' encoding='utf-8'?>
<addon id="plugin.video.sledujuserialy.cz" name="sledujuserialy.cz" provider-name="Libor Zoubek" version="1.0.7">
    <requires>
        <import addon="xbmc.python" version="2.1.0"/>
        <import addon="script.module.stream.resolver" version="1.6.13"/>
        <import addon="script.module.beautifulsoup4" version="4.3.1"/>
    </requires>
    <extension library="default.py" point="xbmc.python.pluginsource" provides="video">
        <provides>video</provides>
    </extension>
    <extension point="xbmc.addon.metadata">
        <summary lang="en">sledujuserialy.cz</summary>
        <summary lang="cs">sledujuserialy.cz</summary>
        <description lang="en">Watch online series from sledujuserialy.cz</description>
        <description lang="cs">Sledujte online seriály ze servru sledujuserialy.cz</description>
        <platform>all</platform>
    </extension>
</addon>
