<?xml version="1.0" encoding="UTF-8" standalone="yes"?>
<addon id="metadata.serialzone.cz"
       name="SerialZone.cz"
       version="2.4"
       provider-name="ekarorgit">
    <requires>
        <import addon="xbmc.metadata" version="2.1.0"/>
    </requires>
    <extension point="xbmc.metadata.scraper.tvshows" language="cs" library="serialzone.cz.xml"/>
    <extension point="xbmc.addon.metadata">
        <summary lang="en">Serialzone Scraper</summary>
        <summary lang="cs">Serialzone Stahovac</summary>
        <description lang="en">Download series information from www.serialzone.cz</description>
        <description lang="cs">Stahuje informace o filmech z webu serialzone.cz.</description>
        <disclaimer lang="cs">Pro nahlášení bugu navštivte www.github.com/ekarorgit/metadata.serialzone.cz</disclaimer>
        <disclaimer lang="en">For bugs visit www.github.com/ekarorgit/metadata.serialzone.cz</disclaimer>
        <language>cs en</language>
        <platform>all</platform>
        <license>GNU GENERAL PUBLIC LICENSE, Version 3, 29 June 2007</license>
        <forum/>
        <website>www.github.com/ekarorgit/metadata.serialzone.cz</website>
        <email/>
        <source>www.github.com/ekarorgit/metadata.serialzone.cz</source>
        <news>v 2.4 (22.1.2018)
  [fixed] element id nyni obsahuje TVDBid pro trakt.tv
  [fixed] normalizace mezer v nazvech
  [added] moznost pouze anglickych/puvodnich nazvu

v 2.3 (2.1.2018)
  [changed] XSLT pro parsovani serialzone API
  [changed] TheTVDB API 2.0 pro media
  [changed] Pokud je nazev v cz a en stejny, tak se nezobrazuje v zavorce
  [added]   Vyhledavani nove uprednostnuje rok z nazvu slozky
  
v 2.2 (27.11.2017)
  [added] Spravne vezme serialzone url z nfo souboru
  [added] Uklada IMDBid do DB pro mozne pouziti v jinych pluginech
  [added] Primarne posters, series posters, banners, fanarts z TVDB
  [added] Moznost stahovani fallback poster ze serialzone (silena kvalita)
  [added] Fallback ostatnich medii ze serialzone
  [added] Moznost vypnout original nazev
        </news>
        <assets>
            <icon>icon.png</icon>
            <fanart/>
            <screenshot/>
        </assets>
    </extension>
</addon>
