<?xml version='1.0' encoding='utf-8'?>
<addon 	id="plugin.audio.dmd-czech.play.cz"
		name="play.cz"
		provider-name="Van Thomas"
		version="0.2.0">
  <requires>
    <import addon="xbmc.python" version="3.0.0" />
    <import addon="script.module.requests" version="2.31.0" />
  </requires>
  <extension point="xbmc.python.pluginsource" library="default.py" >
    <provides>audio</provides>
  </extension>
  <extension point="xbmc.addon.metadata" >
    <summary lang="en">Play.cz</summary>
    <summary lang="cs">Play.cz</summary>
    <description lang="en">Listen czech radios from play.cz</description>
    <description lang="cs">Ceska radia k poslechu ze serveru play.cz</description>
    <platform>all</platform>
    <source>https://github.com/kodi-czsk/plugin.audio.dmd-czech.play.cz</source>
    <assets>
        <icon>icon.png</icon>
    </assets>
  </extension>
</addon>
