<?xml version="1.0" encoding="UTF-8"?>
<addon id="plugin.video.sl" version="1.6.4" name="Skylink Live TV" provider-name="Sorien, cache-sk">
<requires>
  <import addon="xbmc.python" version="2.26.0"/>
  <import addon="script.module.requests" version="2.18.4"/>
  <import addon="script.module.inputstreamhelper" version="0.3.3"/>
</requires>
<extension point="xbmc.python.pluginsource" library="main.py">
  <provides>video</provides>
</extension>
<extension point="xbmc.service" library="service.py"/>
<extension point="xbmc.addon.metadata">
  <reuselanguageinvoker>true</reuselanguageinvoker>
  <summary lang="en">Skylink Live TV Addon</summary>
  <description lang="en">PVR playlist and EPG generator for Skylink Live TV Service</description>
  <description lang="sk_SK">PVR playlist a EPG generátor pre službu Skylink Live TV</description>
  <description lang="cs_CZ">Plugin vytváří PVR playlist a EPG pro službu Skylink Live TV</description>
  <license>MIT</license>
  <forum>https://www.xbmc-kodi.cz/prispevek-skylink-livetv-addon-beta</forum>
  <source>https://github.com/Sorien/plugin.video.sl</source>
  <news>
[B]1.6.4[/B]
- fix preklepu v nastaveni PVR IPTV Simple Client
[B]1.6.3[/B]
- moznost automatickeho nastavenia PVR IPTV Simple Client-a z nastaveni pluinu
[B]1.6.2[/B]
- fix chyby pri expirovanom predplatnom
- optimalizovany archiv (predlzenie o posledne programy)
[B]1.6.1[/B]
- alfa verzia kniznice
[B]1.6.0[/B]
- zmena api nazad na sl domenu
- drobne fixy s nahladmi
- pridanie prototypu kniznice
[B]1.5.0[/B]
- pridanie actor/writer/producer/director do xmltv
[B]1.4.1[/B]
- upravy pre novu verziu Solocoo API
[B]1.3.0[/B]
- pridana funkcionalita na skopirovanie a upravu skinu Estuary a Confluence v nastaveniach
- pridanie kratkeho epg aj do listu live vo video doplnku
- presunutie video doplnku, aby sa zobrazoval nie v sluzbach ale vo video doplnkoch
[B]1.2.4[/B]
- pridane zanre
- oprava casu v EPG
[B]1.2.2[/B]
- Live TV aj ako sucast video doplnku (pre ludi, ktorym blbne/nejde/nechce cez m3u a iptv simple), treba zapnut cez nastavenia, improvizovane EPG cez "plot"
- moznost vypnut generovanie M3U - nezastavi service ako taky, len nebude nic generovat
[B]1.2.1[/B]
- Tuning loga stanic - moznosti nastavenia pre archiv, moznost pouzit loga zo stranky live, aj pre live playlist
- Moznost obmedzenia vyberu zariadeni len na prehliadace (aby to neodhlasovalo z telefonu ci TV)
- Moznost nastavenia aby negenerovalo / nezobrazovalo stanice ktore su pin protected
- Pytanie PIN kodu na staniciach, ktore su pin protected
- Fix vyberu zariadeni v archive
- Fix lokalizacnych unicode chyb pri hlaskach
- Fix neulozenia nastaveni, ked je service v prevadzke

[B]1.2.0[/B]
- Pridanie archivu vo video doplnkoch

[B]1.0.1[/B]
- Pridanie moznosti pouzit najstarsie zariadenie ak ziadne zariadenie nie je dostupne

[B]1.0.0[/B]
- Opravy
  </news>
  <assets>
    <icon>icon.png</icon>
    <screenshot>resources\screenshots\1.jpg</screenshot>
    <screenshot>resources\screenshots\2.jpg</screenshot>
    <screenshot>resources\screenshots\3.jpg</screenshot>
  </assets>
</extension>
</addon>
