<?xml version='1.0' encoding='utf-8'?>
<addon id="plugin.video.tipsport.elh" name="Tipsport ELH" provider-name="Jan Kubový" version="0.8.3">
    <requires>
        <import addon="xbmc.python" version="3.0.0"/>
        <import addon="script.module.requests" version="2.12.4"/>
        <import addon="script.module.pil" version="1.1.7" optional="true"/>
        <import addon="inputstream.adaptive" version="2.4.5"/>
        <import addon="inputstream.rtmp" version="2.0.9"/>
    </requires>
    <extension library="default.py" point="xbmc.python.pluginsource" provides="video">
        <provides>video</provides>
    </extension>
    <extension point="xbmc.addon.metadata">
        <platform>all</platform>
        <summary lang="en">Tipsport ELH</summary>
        <summary lang="cs">Tipsport ELH</summary>
        <summary lang="sk">Tipsport ELH</summary>
        <description lang="en">Watch ELH streams from Tipsport site. It is necessary to fill account in setting. If you like this addon and want to thank me, you can donate on paypal.me/JanKubovy</description>
        <description lang="cs">Sledujte ELH zápasy ze stránky Tipsport. Pro správné fungování je třeba přidat účet v nastavení. V případě, že se vám addon líbí a chcete mi nějak poděkovat, můžete mi poslat libovolnou částku na paypal.me/JanKubovy</description>
        <description lang="sk">Sledujte ELH zápasy zo stránky Tipsport. Pre správne fungovanie je potrebné pridať konto v nastavení. V prípade, že sa vám addon páči a chcete mi nejako poďakovať, môžete mi poslať ľubovoľnú čiastku na paypal.me/JanKubovy</description>
        <disclaimer lang="en">Addon were made for study purposes only and author does not guide anyone to disrespect Tipsport site rules</disclaimer>
        <disclaimer lang="cs">Addon byl vytvořen pro studijní účely a autor nenabáda nikoho k nerespektování pravidel stránky Tipsport</disclaimer>
        <disclaimer lang="sk">Addon bol vytvorený pre študijné účely a autor nenabáda nikoho k nerešpektovaniu pravidiel stránky Tipsport</disclaimer>
        <assets>
            <icon>icon.png</icon>
            <screenshot>resources\screenshot-01.jpg</screenshot>
            <screenshot>resources\screenshot-02.jpg</screenshot>
            <screenshot>resources\screenshot-03.jpg</screenshot>
        </assets>
        <news>
v0.8.3(26.1.2021)
  - Improve stream starting (InputStream Adaptive)
  - Add Quality settings shortcut
v0.8.2(25.1.2021)
  - Fix Playing stream
v0.8.1(24.1.2021)
  - Remove Quality selector
  - Add Handle some unexpected addon errors
v0.8.0(6.1.2021)
  - Change support to Kodi v19
  - Won't work for older Kodi
v0.7.2(6.1.2021)
  - Change Pardubice team logo
v0.7.1(2.10.2020)
  - Fix Slovak league name
v0.7.0(11.9.2020)
  - Fix login
  - Refactor codebase
  - Add new logos
  - Add settings to show all streams (not everything works)
v0.6.8(11.3.2020)
  - Fix New login system (again)
v0.6.7(16.1.2020)
  - Fix New login system
v0.6.6(20.10.2019)
  - Fix tipsport.sk streams [experimental]
  - Add Slovan and Michalovce logo
v0.6.5(16.10.2019)
  - Add tipsport.sk support [experimental]
v0.6.4(28.9.2019)
  - Add Slovak language
v0.6.3(10.4.2019)
  - Fix New login system
v0.6.2(3.4.2019)
  - Remove Inputstream addon version restriction
v0.6.1(8.3.2019)
  - Disable match logo generating when path has non-ASCII characters
v0.6.0(24.2.2019)
  - New version with Memory Storage and Generating match logos
        </news>
    </extension>
</addon>