<?xml version='1.0' encoding='utf-8'?>
<addon id="plugin.video.serialhd.cz" name="SerialHD - HDFilm" provider-name="Martin Podkrivacky" version="1.1.0">
  <requires>
		<import addon="xbmc.python" version="2.1.0" />
		<import addon="script.module.stream.resolver" version="2.6.54" />
  </requires>
  <extension library="default.py" point="xbmc.python.pluginsource" provides="video">
		<provides>video</provides>
  </extension>
  <extension point="xbmc.addon.metadata">
		<summary lang="en">SerialHD HDFilm</summary>
		<summary lang="cs">SerialHD HDFilm</summary>
		<description lang="en">Watch online HD and 4K tv shows and films through portal SerialHD.cz and HDFilm.cz</description>
		<description lang="sk">Sledujte online HD a 4K seriály a filmy pomocou portálu SerialHD.cz a HDFilm.cz</description>
		<description lang="cs">Sledujte online HD a 4K seriály a filmy pomocí portálu SerialHD.cz a HDFilm.cz</description>
		<platform>all</platform> 
		<license>GNU GENERAL PUBLIC LICENSE. Version 3, 29 June 2007</license>
		<assets>
			<icon>icon_ac.png</icon>
			<fanart>fanart.jpg</fanart>
			<screenshot>resources/screenshots/a1.jpg</screenshot>
			<screenshot>resources/screenshots/a2.jpg</screenshot>
			<screenshot>resources/screenshots/a3.jpg</screenshot>
		</assets>
		<disclaimer lang="en">The author of this addon do not host any of the content which is found and have no affiliation with of the content providers. This addon simply search on playbe.cz for content. Use at your own risk!</disclaimer>
		<disclaimer lang="sk">Autor tohto addonu nemá žiaden obsah, ktorý sa v ňom nachádza a nemá žiadnu príslušnosť k poskytovateľovi obsahu. Tento addon iba vyhľadá obsah na playbe.cz. Používajte na vlastné riziko!</disclaimer>
		<disclaimer lang="cs">Autor tohto addonu nemá žáden obsah, který se v ňem nachází a nemá žádnou příslušnost k poskytovateli obsahu. Tento addon jen vyhledává obsah na playbe.cz. Používejte na vlastní riziko!</disclaimer>
		<news>[B]0.9.8[/B][CR]- Prihlasovanie k účtu</news>
  </extension>
</addon>
