<?xml version='1.0' encoding='utf-8'?>
<addon id="plugin.video.tipsport.elh" name="Tipsport ELH" provider-name="Jan Kubový" version="0.8.17">
    <requires>
        <import addon="xbmc.python" version="3.0.0"/>
        <import addon="script.module.requests" version="2.12.4"/>
        <import addon="script.module.pil" version="1.1.7" optional="true"/>
        <import addon="inputstream.adaptive" version="2.4.5"/>
        <import addon="inputstream.rtmp" version="2.0.9"/>
    </requires>
    <extension library="default.py" point="xbmc.python.pluginsource" provides="video">
        <provides>video</provides>
    </extension>
    <extension point="xbmc.addon.metadata">
        <platform>all</platform>
        <summary lang="en">Tipsport ELH</summary>
        <summary lang="cs">Tipsport ELH</summary>
        <summary lang="sk">Tipsport ELH</summary>
        <description lang="en">Watch ELH streams from Tipsport site. It is necessary to fill account in setting. If you like this addon and want to thank me, you can donate on paypal.me/JanKubovy or ko-fi.com/JanKubovy</description>
        <description lang="cs">Sledujte ELH zápasy ze stránky Tipsport. Pro správné fungování je třeba přidat účet v nastavení. V případě, že se vám addon líbí a chcete mi nějak poděkovat, můžete mi poslat libovolnou částku na paypal.me/JanKubovy nebo ko-fi.com/JanKubovy</description>
        <description lang="sk">Sledujte ELH zápasy zo stránky Tipsport. Pre správne fungovanie je potrebné pridať konto v nastavení. V prípade, že sa vám addon páči a chcete mi nejako poďakovať, môžete mi poslať ľubovoľnú čiastku na paypal.me/JanKubovy alebo ko-fi.com/JanKubovy</description>
        <disclaimer lang="en">Addon were made for study purposes only and author does not guide anyone to disrespect Tipsport site rules</disclaimer>
        <disclaimer lang="cs">Addon byl vytvořen pro studijní účely a autor nenabáda nikoho k nerespektování pravidel stránky Tipsport</disclaimer>
        <disclaimer lang="sk">Addon bol vytvorený pre študijné účely a autor nenabáda nikoho k nerešpektovaniu pravidiel stránky Tipsport</disclaimer>
        <assets>
            <icon>icon.png</icon>
            <screenshot>resources\screenshot-01.jpg</screenshot>
            <screenshot>resources\screenshot-02.jpg</screenshot>
            <screenshot>resources\screenshot-03.jpg</screenshot>
        </assets>
        <news>
v0.8.17(05.01.2023)
  - Fix wrong header name (Login is still not stable)
v0.8.16(20.03.2022)
  - Fix going back in folders
v0.8.15(19.03.2022)
  - Fix SK login
  - Add update button
  - Fix some minor bugs
v0.8.14(17.03.2022)
  - Improve saving session to file
v0.8.13(16.03.2022)
  - Rewrite login system and use Azure function to get newest requests
v0.8.12(02.03.2022)
  - Fix login (Thanks to @WyskyNet)
v0.8.11(02.02.2022)
  - Disable folder cache
v0.8.10(30.01.2022)
  - Fix Python 3.10 MutableMapping import path
v0.8.9(28.01.2022)
  - Fix new login request
v0.8.8(20.12.2021)
  - Fix generating icon just for ice hockey
v0.8.7(26.11.2021)
  - Use Azure Function to collect crash logs
v0.8.6(11.09.2021)
  - Prevent unhandled TypeError on match loading
v0.8.5(03.09.2021)
  - Try to fix login (Tipsport start using captcha)
v0.8.4(06.04.2021)
  - Add settings to put all streams to folder structure
v0.8.3(26.01.2021)
  - Improve stream starting (InputStream Adaptive)
  - Add Quality settings shortcut
v0.8.2(25.01.2021)
  - Fix Playing stream
v0.8.1(24.01.2021)
  - Remove Quality selector
  - Add Handle some unexpected addon errors
v0.8.0(6.01.2021)
  - Change support to Kodi v19
  - Won't work for older Kodi
        </news>
    </extension>
</addon>
