<?xml version="1.0" encoding="UTF-8"?>
<addon id="plugin.video.sl" version="1.2.1" name="Skylink Live TV" provider-name="Sorien">
<requires>
  <import addon="xbmc.python" version="2.26.0"/>
  <import addon="script.module.requests" version="2.18.4"/>
  <import addon="script.module.inputstreamhelper" version="0.3.3"/>
</requires>
<extension point="xbmc.service" library="service.py"/>
<extension point="xbmc.python.pluginsource" library="main.py">
  <provides>video</provides>
</extension>
<extension point="xbmc.addon.metadata">
  <reuselanguageinvoker>true</reuselanguageinvoker>
  <summary lang="en">Skylink Live TV Addon</summary>
  <description lang="en">PVR playlist and EPG generator for Skylink Live TV Service</description>
  <description lang="sk_SK">PVR playlist a EPG generátor pre službu Skylink Live TV</description>
  <description lang="cs_CZ">Plugin vytváří PVR playlist a EPG pro službu Skylink Live TV</description>
  <license>MIT</license>
  <forum>https://www.xbmc-kodi.cz/prispevek-skylink-livetv-addon-beta</forum>
  <source>https://github.com/Sorien/plugin.video.sl</source>
  <news>
[B]1.2.1[/B]
- Tuning loga stanic - moznosti nastavenia pre archiv, moznost pouzit loga zo stranky live, aj pre live playlist
- Moznost obmedzenia vyberu zariadeni len na prehliadace (aby to neodhlasovalo z telefonu ci TV)
- Moznost nastavenia aby negenerovalo / nezobrazovalo stanice ktore su pin protected
- Pytanie PIN kodu na staniciach, ktore su pin protected
- Fix vyberu zariadeni v archive
- Fix lokalizacnych unicode chyb pri hlaskach
- Fix neulozenia nastaveni, ked je service v prevadzke

[B]1.2.0[/B]
- Pridanie archivu vo video doplnkoch

[B]1.0.1[/B]
- Pridanie moznosti pouzit najstarsie zariadenie ak ziadne zariadenie nie je dostupne

[B]1.0.0[/B]
- Opravy
  </news>
  <assets>
    <icon>icon.png</icon>
    <screenshot>resources\screenshots\1.jpg</screenshot>
    <screenshot>resources\screenshots\2.jpg</screenshot>
    <screenshot>resources\screenshots\3.jpg</screenshot>
  </assets>
</extension>
</addon>
