<?xml version='1.0' encoding='utf-8'?>
<addon id="plugin.video.titulkomet.cz" name="titulkomet.cz" provider-name="BrozikCZ" version="0.0.2">
  <requires>
    <import addon="xbmc.python" version="2.1.0" />
    <import addon="script.module.stream.resolver" version="1.6.55" />
  </requires>
  <extension library="default.py" point="xbmc.python.pluginsource" provides="video">
    <provides>video</provides>
  </extension>
  <extension point="xbmc.addon.metadata">
    <summary lang="en">titulkomet.cz</summary>
    <summary lang="cs">titulkomet.cz</summary>
    <summary lang="sk">titulkomet.cz</summary>
    <description lang="en">Watch content from titulkomet.cz</description>
    <description lang="cs">Videa s českými titulky. Vtipná, šokující, virální, smutná, pěkná prostě všelijaká, ale jedno mají společné - budete jim rozumět.</description>
    <description lang="sk">Videá s českými titulkami. Vtipné, šokujúce, virálne, smutné, pekné, jednoducho všelijaké, ale jedno majú spoločné - budete im rozumieť.</description>
    <platform>all</platform>
  </extension>
</addon>
