<?xml version="1.0" encoding="UTF-8"?>
<scraper name="csfdcz" date="2017-11-03" framework="1.1">

	<!-- input : $$1=nfo file -->
	<!-- output: <url>*</url> -->
	<!-- output: $$10=user-agent -->
    <NfoUrl dest="3">
        <RegExp input="" output="user-agent=Mozilla%2F5.0%20%28Windows%20NT%206.1%3B%20Win64%3B%20x64%29%20AppleWebKit%2F537.36%20%28KHTML%2C%20like%20Gecko%29%20Chrome%2F78.0.3904.97%20Safari%2F537.36" dest="10"><expression/></RegExp>
        <RegExp input="$$1" output="&lt;url gzip=&quot;yes&quot; cache=&quot;CSFD.prehled-\1.html&quot;&gt;https://www.csfd.cz/film/\1/prehled/|$$10&lt;/url&gt;&lt;id&gt;\1&lt;/id&gt;" dest="3">
            <expression>https?://(?:www\.)?csfd\.cz/film/(\d+-.*?)/</expression>
        </RegExp>
    </NfoUrl>

	<!-- input : $$1=query string -->
	<!-- output: <url>*</url> -->
	<!-- output: $$10=user-agent -->
    <CreateSearchUrl clearbuffers="no" dest="8">
        <RegExp input="" output="user-agent=Mozilla%2F5.0%20%28Windows%20NT%206.1%3B%20Win64%3B%20x64%29%20AppleWebKit%2F537.36%20%28KHTML%2C%20like%20Gecko%29%20Chrome%2F78.0.3904.97%20Safari%2F537.36" dest="10"><expression/></RegExp>

        <RegExp input="$$1" output="&lt;url gzip=&quot;yes&quot; cache=&quot;CSFD.hledat-\1.html&quot;&gt;https://www.csfd.cz/hledat/?q=\1|$$10&lt;/url&gt;" dest="8">
            <RegExp conditional="titlepartsremove" input="$$1" output="\1" dest="1">
                <expression noclean="1">(.*)%20part%20\d+$</expression>
            </RegExp>
            <RegExp conditional="yearsearchcsfd" input="$$2" output="+\1" dest="1+">
                <expression>(\d+)</expression>
            </RegExp>
            <expression noclean="1"/>
        </RegExp>
    </CreateSearchUrl>

	<!-- input : $$1=search html -->
	<!-- input : $$2=search url -->
	<!-- input : $$10=user-agent -->
	<!-- output: <results><entity><title>*</title><url>*</url></entity>*</results> -->
    <GetSearchResults clearbuffers="no" dest="8">
        <RegExp input="$$7" output="&lt;?xml version=&quot;1.0&quot; encoding=&quot;UTF-8&quot; standalone=&quot;yes&quot;?&gt;&lt;results sorted=&quot;yes&quot;&gt;\1&lt;/results&gt;" dest="8">
           <RegExp input="$$6" output="&lt;entity&gt;&lt;title&gt;\2\3\4&lt;/title&gt;&lt;url gzip=&quot;yes&quot; cache=&quot;CSFD.prehled-\1.html&quot;&gt;https://www.csfd.cz/film/\1/prehled/|$$10&lt;/url&gt;&lt;/entity&gt;" dest="7+">
                <!-- primo nalezeny film -->
                <RegExp input="$$1" output="&lt;u&gt;\3&lt;/u&gt;&lt;t&gt;\1&lt;/t&gt;&lt;t1&gt; \2&lt;/t1&gt;" dest="6">
                    <expression repeat="no" noclean="1">&lt;title&gt;([^|]*?)( \(\d+\))? \| .*?csfd.cz/film/(\d+[^/]*)/(?:prehled|komentare|galerie)/&quot;&gt;</expression>
                </RegExp>
                <!-- extract search-list -->
                <RegExp input="$$1" output="\1" dest="1">
                    <expression repeat="no" noclean="1">id=&quot;search-films&quot;.*?&gt;(.*?)&lt;div class=&quot;footer&quot;</expression>
                </RegExp>

                <!-- hlavni nabidka -->
                <RegExp input="$$1" output="&lt;u&gt;\1&lt;/u&gt;&lt;t&gt;\2&lt;/t&gt;&lt;t1&gt; \3&lt;/t1&gt;&lt;t2&gt; (\4)&lt;/t2&gt;" dest="6+">
                    <expression repeat="yes" noclean="1,2,3">subject&quot;&gt;&lt;a href=&quot;/film/([^/]+)/&quot; class=&quot;film c.&quot;&gt;([^&lt;]*)&lt;/a&gt;.*?(?:&lt;span class=&quot;search-name&quot;&gt;([^&lt;]*)&lt;/span&gt;\s*)?&lt;p&gt;([^&lt;]*)&lt;</expression>
                </RegExp>

                <!-- vedlejsi nabidka -->
                <RegExp input="$$1" output="&lt;u&gt;\1&lt;/u&gt;&lt;t&gt;\2&lt;/t&gt;&lt;t1&gt; \5&lt;/t1&gt;&lt;t2&gt; \3 \4&lt;/t2&gt;" dest="6+">
                    <expression repeat="yes" noclean="1,2,3,4,5">&lt;li&gt;\s*&lt;a href=&quot;/film/([^/]*)/&quot; class=&quot;film c.&quot;&gt;([^&lt;]*)&lt;/a&gt;\s*(?:&lt;span class=&quot;film-type&quot;&gt;(\(.*?\))&lt;/span&gt;)?\s*&lt;span class=&quot;film-year&quot;[^&gt;]*&gt;(\(\d+\))&lt;/span&gt;\s*(?:&lt;span class=&quot;search-name&quot;&gt;([^&lt;]*)&lt;/span&gt;\s*)?</expression>
                </RegExp>
                <expression repeat="yes" noclean="1,2,3,4">&lt;u&gt;(.*?)&lt;/u&gt;&lt;t&gt;(.*?)&lt;/t&gt;(?:&lt;t1&gt;(.*?)&lt;/t1&gt;)?(?:&lt;t2&gt;(.*?)&lt;/t2&gt;)?</expression>
            </RegExp>
            <expression noclean="1"/>
        </RegExp>
    </GetSearchResults>

	<!-- input : $$1=detail html -->
	<!-- input : $$10=user-agent -->
	<!-- output: <details><entity><title>*</title><url>*</url></entity>*</details> -->
    <GetDetails clearbuffers="no" dest="8">
        <RegExp input="$$7" output="&lt;details&gt;&lt;id&gt;$$2&lt;/id&gt;\1&lt;/details&gt;" dest="8">
            <!-- IMDB ID -->
            <RegExp input="$$1" output="tt\1" dest="2">
                <expression noclean="1" trim="1">&lt;a href=&quot;https?://[^&quot;]*imdb\.com/title/tt(\d+)/</expression>
            </RegExp>
            <!-- CSFD URL -->
            <RegExp input="$$1" output="\1" dest="3">
                <expression noclean="1">https?://(?:www\.)?csfd\.cz/film/(\d+-.*?)/(?:prehled|komentare|galerie)/</expression>
            </RegExp>
            <!-- fallback -->
            <RegExp output="&lt;url function=&quot;GetFallbackDetails&quot; cache=&quot;$$2-main.html&quot;&gt;http://akas.imdb.com/title/$$2/&lt;/url&gt;" dest="7+">
                <expression />
            </RegExp>
            <!-- CSFD info -->
            <RegExp output="&lt;url function=&quot;GetCSFDDetails&quot; cache=&quot;CSFD.prehled-$$3.html&quot;&gt;https://www.csfd.cz/filmy/$$3/prehled/|$$10&lt;/url&gt;" dest="7+">
                <expression />
            </RegExp>
            <!-- Rest info -->
            <expression noclean="1"/>
        </RegExp>
    </GetDetails>


	<!-- input : $$1=imdb title html -->
	<!-- input : $$10=user-agent -->
    <GetFallbackDetails clearbuffers="no" dest="8">
        <!-- fix for redirect IMDB id -->
        <RegExp input="$$1" output="\1" dest="2">
            <expression>href=&quot;https://www.imdb.com/title/(tt[0-9]+)/&quot;</expression>
        </RegExp>
        <RegExp input="$$7" output="&lt;details&gt;\1&lt;/details&gt;" dest="8">
            <RegExp input="$$2" output="&lt;id&gt;\1&lt;/id&gt;" dest="7">
                <expression noclean="1" />
            </RegExp>
            <RegExp conditional="tmdbcast" output="&lt;chain function=&quot;GetTMDBCastByIdChain&quot;&gt;$$2&lt;/chain&gt;" dest="7+">
                <expression />
            </RegExp>
            <RegExp conditional="!tmdbcast" output="&lt;chain function=&quot;GetIMDBCastById&quot;&gt;$$2&lt;/chain&gt;" dest="7+">
                <expression />
            </RegExp>
            <RegExp output="&lt;chain function=&quot;GetIMDBDirectorsById&quot;&gt;$$2&lt;/chain&gt;" dest="7+">
                <expression />
            </RegExp>
            <RegExp output="&lt;chain function=&quot;GetIMDBWritersById&quot;&gt;$$2&lt;/chain&gt;" dest="7+">
                <expression />
            </RegExp>
            <RegExp conditional="tmdbset" output="&lt;chain function=&quot;GetTMDBSetByIdChain&quot;&gt;$$2::$INFO[tmdbsetlanguage]&lt;/chain&gt;" dest="7+">
                <expression />
            </RegExp>
            <RegExp conditional="imdbposter" output="&lt;url function=&quot;GetIMDBThumb&quot; cache=&quot;IMDB.media-$$2.html&quot;&gt;https://www.imdb.com/title/$$2/mediaindex&lt;/url&gt;" dest="7+">
                <expression />
            </RegExp>
            <RegExp conditional="tmdbposter" output="&lt;chain function=&quot;GetTMDBThumbsByIdChain&quot;&gt;$$2::$INFO[tmdbthumblanguage]&lt;/chain&gt;" dest="7+">
                <expression />
            </RegExp>
            <RegExp conditional="tmdbfanart" output="&lt;chain function=&quot;GetTMDBFanartByIdChain&quot;&gt;$$2::$INFO[tmdbfanartlanguage]&lt;/chain&gt;" dest="7+">
                <expression />
            </RegExp>
            <RegExp conditional="tmdbtrailer" output="&lt;chain function=&quot;GetTMDBTrailerByIdChain&quot;&gt;$$2::$INFO[tmdbtrailerlanguage]&lt;/chain&gt;" dest="7+">
                <expression />
            </RegExp>
            <RegExp output="&lt;chain function=&quot;GetTMDBPlotByIdChain&quot;&gt;$$2::$INFO[tmdbplotlanguage]&lt;/chain&gt;" dest="7+">
                <expression />
            </RegExp>

            <RegExp output="&lt;url function=&quot;GetRestIMDBInfo&quot; cache=&quot;IMDB.combined-$$2.html&quot;&gt;http://akas.imdb.com/title/$$2/combined&lt;/url&gt;" dest="7+">
                <expression />
            </RegExp>
            <expression noclean="1" />
        </RegExp>
    </GetFallbackDetails>


	<!-- input : $$1=csfd prehled html -->
	<!-- input : $$10=user-agent -->
    <GetCSFDDetails clearbuffers="no" dest="8">
        <RegExp input="$$7" output="&lt;details&gt;\1&lt;/details&gt;" dest="8">

          <!-- Titles -->
            <!-- local title $$11 -->
            <RegExp input="$$1" output="\1" dest="11">
                <expression noclean="1" trim="1">&lt;h1[^&gt;]*&gt;([^&lt;]*)&lt;</expression>
            </RegExp>
            <!-- original title $$12 -->
            <RegExp input="$$1" output="\1" dest="12">
                <expression noclean="1" trim="1">images/flags/[^&lt;]*&lt;h3[^&gt;]*&gt;([^&lt;]*)&lt;</expression>
            </RegExp>
            <!-- EN title $$13 without fallback (can be empty)-->
            <!-- New Zealand -->
            <RegExp input="$$1" output="\1" dest="13">
                <expression noclean="1" trim="1">images/flags/159/571/159571944_5bb9fe.gif[^&lt;]*&lt;h3[^&gt;]*&gt;([^&lt;]*)&lt;</expression>
            </RegExp>
            <!-- Ireland -->
            <RegExp input="$$1" output="\1" dest="13">
                <expression noclean="1" trim="1">images/flags/159/571/159571886_c8fb93.gif[^&lt;]*&lt;h3[^&gt;]*&gt;([^&lt;]*)&lt;</expression>
            </RegExp>
            <!-- Australia -->
            <RegExp input="$$1" output="\1" dest="13">
                <expression noclean="1" trim="1">images/flags/159/571/159571895_278ffd.gif[^&lt;]*&lt;h3[^&gt;]*&gt;([^&lt;]*)&lt;</expression>
            </RegExp>
            <!-- Canada -->
            <RegExp input="$$1" output="\1" dest="13">
                <expression noclean="1" trim="1">images/flags/159/571/159571943_a94257.gif[^&lt;]*&lt;h3[^&gt;]*&gt;([^&lt;]*)&lt;</expression>
            </RegExp>
            <!-- GB -->
            <RegExp input="$$1" output="\1" dest="13">
                <expression noclean="1" trim="1">images/flags/159/572/159572086_463ca5.gif[^&lt;]*&lt;h3[^&gt;]*&gt;([^&lt;]*)&lt;</expression>
            </RegExp>
            <!-- USA -->
            <RegExp input="$$1" output="\1" dest="13">
                <expression noclean="1" trim="1">images/flags/159/572/159572019_fcfacc.gif[^&lt;]*&lt;h3[^&gt;]*&gt;([^&lt;]*)&lt;</expression>
            </RegExp>
            <!-- CZ title $$14 with local fallback -->
            <RegExp output="$$11" dest="14">
                <expression />
            </RegExp>
            <RegExp input="$$1" output="\1" dest="14">
                <expression trim="1">images/flags/159/571/159571898_ce0ce5.gif[^&lt;]*&lt;h3[^&gt;]*&gt;([^&lt;]*)&lt;</expression>
            </RegExp>
            <!-- SK title $$15 with local fallback -->
            <RegExp output="$$11" dest="15">
                <expression />
            </RegExp>
            <RegExp input="$$1" output="\1" dest="15">
                <expression trim="1">images/flags/159/571/159571967_be0783.gif[^&lt;]*&lt;h3[^&gt;]*&gt;([^&lt;]*)&lt;</expression>
            </RegExp>
          <!-- construct title -->
            <!-- primary selection -->
            <RegExp output="$$11" dest="16">
                <expression />
            </RegExp>
            <RegExp input="$INFO[titleprimaryl]" output="$$12" dest="16">
                <expression noclean="1" >^original$</expression>
            </RegExp>
            <RegExp input="$INFO[titleprimaryl]" output="$$6" dest="16">
                <!-- local fallback for EN -->
                <RegExp output="$$11" dest="6">
                    <expression />
                </RegExp>
                <RegExp input="$$13" output="$$13" dest="6">
                    <expression noclean="1">(.+)</expression>
                </RegExp>
                <expression noclean="1" >^en$</expression>
            </RegExp>
            <RegExp input="$INFO[titleprimaryl]" output="$$14" dest="16">
                <expression noclean="1" >^cs$</expression>
            </RegExp>
            <RegExp input="$INFO[titleprimaryl]" output="$$15" dest="16">
                <expression noclean="1" >^sk$</expression>
            </RegExp>

            <!-- secondary selection -->
            <RegExp output="$$12" dest="17">
                <expression />
            </RegExp>
            <RegExp input="$INFO[titlesecondaryl]" output="$$6" dest="17">
                <!-- original fallback for EN -->
                <RegExp output="$$12" dest="6">
                    <expression />
                </RegExp>
                <RegExp input="$$13" output="$$13" dest="6">
                    <expression noclean="1">(.+)</expression>
                </RegExp>
                <expression noclean="1" >^en$</expression>
            </RegExp>

          <!-- title combination selection -->
            <!-- fallback for missing  secondary -->
            <RegExp output="$$16" dest="20">
                <expression />
            </RegExp>
            <!-- primary with secondary -->
            <RegExp input="$$17" output="$$16 ($$17)" dest="20">
                <expression>(.+)</expression>
            </RegExp>
            <!-- swapped primary with secondary override -->
            <RegExp conditional="titleswap" input="$$17" output="$$17 ($$16)" dest="20">
                <expression>(.+)</expression>
            </RegExp>
            <!-- remove secondary if same as primary override -->
            <RegExp conditional="titlesame" input="$$16" output="$$16" dest="20">
                <expression noclean="1">^$$17$</expression>
            </RegExp>
            <!-- primary only override -->
            <RegExp conditional="!titlesecondary" output="$$16" dest="20">
                <expression />
            </RegExp>
            <!-- output title -->
            <RegExp output="&lt;title&gt;$$20&lt;/title&gt;&lt;originaltitle&gt;$$12&lt;/originaltitle&gt;" dest="7+">
                <expression/>
            </RegExp>

            <!-- plot -->
            <RegExp condition="!tmdbplot" input="$$6" output="&lt;plot&gt;\1&lt;/plot&gt;" dest="7+">
                <RegExp input="$$1" output="\1&lt;br&gt;  " dest="4">
                    <expression clear="yes" noclean="1">&lt;h3&gt;Obsah.*?&lt;/h3&gt;(.*?)&lt;span class=&quot;source</expression>
                </RegExp>
                <RegExp output="" dest="5"><expression/></RegExp>
                <RegExp input="$$4" output="\1 " dest="5+">
                    <expression repeat="yes" noclean="1">(.*?)\s\s+</expression>
                </RegExp>
                <RegExp output="" dest="6"><expression/></RegExp>
                <RegExp input="$$5" output="\1\n" dest="6+">
                    <expression repeat="yes" trim="yes">(.*?)&lt;br\s*/?&gt;\s*</expression>
                </RegExp>
                <expression trim="yes">(.+)</expression>
            </RegExp>

            <!-- runtime -->
            <RegExp input="$$1" output="&lt;runtime&gt;\1&lt;/runtime&gt;" dest="7+">
                <expression repeat="no" trim="1" noclean="0">([0-9]+) min\s*(?:\([^)]+\)\s*)?&lt;/p&gt;</expression>
            </RegExp>
            <!-- rating -->
            <RegExp input="$$1" output="&lt;rating max=&quot;100&quot;&gt;\1&lt;/rating&gt;" dest="7+">
                <expression repeat="no" trim="1" noclean="0">&lt;h2 class=&quot;average&quot;&gt;[^0-9]*([0-9]+)%</expression>
            </RegExp>
            <!-- votes -->
            <RegExp input="$$1" output="&lt;votes&gt;\1\2&lt;/votes&gt;" dest="7+">
                <expression repeat="no" trim="1" noclean="0">&quot;rating-count-link&quot;[^(]*\((\d+)(?:[^0-9)]*(\d+))?\)\s*&lt;/div&gt;</expression>
            </RegExp>s
            <!-- year -->
            <RegExp input="$$1" output="&lt;year&gt;\1&lt;/year&gt;" dest="7+">
                <expression repeat="no" trim="1" noclean="0">&lt;span itemprop=&quot;dateCreated&quot;&gt;([0-9]+)&lt;/span&gt;</expression>
            </RegExp>
            <!-- genre -->
            <RegExp input="$$1" output="&lt;genre&gt;\1&lt;/genre&gt;" dest="7+">
                <expression repeat="yes" trim="1" noclean="0">&lt;p class=&quot;genre&quot;&gt;([^&lt;]*)</expression>
            </RegExp>
            <!-- country -->
            <RegExp input="$$1" output="&lt;country&gt;\1&lt;/country&gt;" dest="7+">
                <expression repeat="yes">&lt;p class=&quot;origin&quot;&gt;([^,]*),</expression>
            </RegExp>
            <!-- csfd thumb-->
            <RegExp conditional="csfdposter" input="$$1" output="&lt;thumb&gt;https://\1|$$10&lt;/thumb&gt;" dest="7+">
                <expression repeat="yes" noclean="1">(img.csfd.cz/files/images/film/posters[^&quot;]*)(?:[?][hw][0-9]+)&quot;</expression>
            </RegExp>

            <expression noclean="1" />
        </RegExp>
    </GetCSFDDetails>

	<!-- input : $$1=imdb combined html -->
    <GetRestIMDBInfo dest="8">
        <RegExp input="$$7" output="&lt;details&gt;\1&lt;/details&gt;" dest="8">
            <RegExp input="$$1" output="&lt;year&gt;\1&lt;/year&gt;" dest="7+">
                <expression>a href=&quot;/year/([0-9]*)</expression>
            </RegExp>
            <RegExp input="$$1" output="&lt;top250&gt;\1&lt;/top250&gt;" dest="7+">
                <expression>Top 250: #([0-9]*)&lt;/a&gt;</expression>
            </RegExp>
            <RegExp input="$$1" output="&lt;mpaa&gt;\1&lt;/mpaa&gt;" dest="7+">
                <expression>MPAA&lt;/a&gt;:&lt;/h5&gt;\n?&lt;div class=&quot;info-content&quot;&gt;\n?(.[^&lt;]*)</expression>
            </RegExp>
            <RegExp input="$$1" output="&lt;certification&gt;\1 \3&lt;/certification&gt;" dest="7+">
                <expression repeat="yes">&lt;a href=&quot;/search/title\?certificates=[^&quot;]*&quot;&gt;([^&lt;]*)&lt;/a&gt;[^&lt;]*(&lt;i&gt;([^&lt;]*)&lt;/i&gt;)?</expression>
            </RegExp>
            <RegExp input="$$1" output="&lt;tagline&gt;\1&lt;/tagline&gt;" dest="7+">
                <expression>&lt;h5&gt;Tagline:&lt;/h5&gt;\n&lt;div class="info-content"&gt;([^&lt;]*)</expression>
            </RegExp>
            <RegExp input="$$1" output="&lt;runtime&gt;\1&lt;/runtime&gt;" dest="7+">
                <expression trim="1">&lt;h5&gt;Runtime:&lt;/h5&gt;\n?&lt;div class=&quot;info-content&quot;&gt;\n?([0-9]*)</expression>
            </RegExp>
            <RegExp input="$$1" output="&lt;country&gt;\1&lt;/country&gt;" dest="7+">
                <expression repeat="yes">&quot;/Sections/Countries/[^/]*/&quot;&gt;([^&lt;]*)&lt;/a&gt;</expression>
            </RegExp>
            <RegExp input="$$1" output="&lt;studio&gt;\1&lt;/studio&gt;" dest="7+">
                <expression repeat="yes">&quot;/company/[^/]*/&quot;&gt;([^&lt;]*)&lt;/a&gt;</expression>
            </RegExp>
            <expression noclean="1"/>
        </RegExp>
    </GetRestIMDBInfo>

	<!-- input : $$1=imdb thumb part html -->
    <GetIMDBThumb dest="8">
        <RegExp input="$$7" output="&lt;details&gt;\1&lt;/details&gt;" dest="8">
            <RegExp input="$$1" output="&lt;thumb&gt;\1.jpg&lt;/thumb&gt;" dest="7">
                <expression noclean="1">class=&quot;poster&quot;[^&gt;]*src=&quot;(https?://[^/]+/images/[^/]+/[^\.]+)\.</expression>
            </RegExp>
            <expression noclean="1"/>
        </RegExp>
    </GetIMDBThumb>

    <GetIMDBThumbs dest="8">
        <RegExp input="$$7" output="&lt;details&gt;\1&lt;/details&gt;" dest="8">
            <RegExp input="$$1" output="&lt;thumb&gt;\1.jpg&lt;/thumb&gt;" dest="7">
                <expression noclean="1">class=&quot;poster&quot;[^&gt;]*src=&quot;(https?://[^/]+/images/[^/]+/[^\.]+)\.</expression>
            </RegExp>
            <RegExp input="$$1" output="&lt;thumb&gt;\1.jpg&lt;/thumb&gt;" dest="7+">
                <expression repeat="yes" noclean="1">itemprop=&quot;thumbnailUrl&quot;&gt;&lt;img[^&gt;]+src=&quot;(https?://[^/]+/images/[^/]+/[^\.]+)\.</expression>
            </RegExp>
            <expression />
        </RegExp>
    </GetIMDBThumbs>

</scraper>
