<?xml version='1.0' encoding='utf-8'?>
<addon id="plugin.video.videacesky.cz" name="videacesky.cz" provider-name="Libor Zoubek" version="1.1.7">
  <requires>
    <import addon="xbmc.python" version="3.0.0" />
    <import addon="script.module.stream.resolver" version="1.7.3" />
    <import addon="script.module.youtube.dl" version="21.417.16"/> <!--https://github.com/nkvoronov/script.module.youtube.dl/tree/vmatrix-->
  </requires>
  <extension library="default.py" point="xbmc.python.pluginsource" provides="video">
    <provides>video</provides>
  </extension>
  <extension point="xbmc.addon.metadata">
    <summary lang="en">videacesky.cz</summary>
    <summary lang="cs">videacesky.cz</summary>
    <summary lang="sk">videacesky.cz</summary>
    <description lang="en">Watch content from videacesky.cz</description>
    <description lang="cs">Sledujte videa, reklamy, seriály, články a návody ze servru videacesky.cz</description>
    <description lang="sk">Sledujte videá, reklamy, seriály, články a návody zo serveru videacesky.cz</description>
    <platform>all</platform>
	<assets>
	  <icon>icon.png</icon>
    </assets>
  </extension>
</addon>
