<?xml version='1.0' encoding='utf-8'?>
<addon id="plugin.video.online-files" name="Soubory Online" provider-name="Libor Zoubek" version="1.3.5">
  <requires>
    <import addon="xbmc.python" version="2.1.0" />
    <import addon="script.module.stream.resolver" version="1.6.51" />
    <import addon="script.module.elementtree" version="1.2.7" />
  </requires>
  <extension library="default.py" point="xbmc.python.pluginsource" provides="video">
    <provides>video</provides>
  </extension>
  <extension point="xbmc.addon.metadata">
    <summary lang="en">Files Online</summary>
    <summary lang="cs">Soubory Online</summary>
    <summary lang="sk">Súbory Online</summary>
    <description lang="en">Get access to various czech filesharing services</description>
    <description lang="cs">Získejte přístup k různým file-sharingovým službám</description>
    <description lang="sk">Získajte prístup k rôznym file-sharingovým službám</description>
    <platform>all</platform>
    <source>https://github.com/kodi-czsk/plugin.video.online-files</source>
  </extension>
</addon>
