<?xml version="1.0" encoding="UTF-8" standalone="yes"?>
<addon id="service.subtitles.titulky.com" name="Titulky.com" version="2.0.0" provider-name="Beam">
	<requires>
		<import addon="xbmc.python" version="3.0.0" />
		<import addon="script.module.simplejson" version="3.17.0" />
	</requires>
	<extension point="xbmc.subtitle.module" library="service.py" />
	<extension point="xbmc.addon.metadata">
		<summary>Titulky.com</summary>
		<description lang="en_GB">Search and download subtitles from titulky.com (Czech/Slovak only)</description>
		<description lang="cs_CZ">Vyhledávání a stahování titulků z titulky.com</description>
		<description lang="sk_SK">Vyhľadávanie a sťahovanie titulkov z titulky.com</description>
		<source>https://github.com/beam/service.subtitles.titulky.com</source>
		<email>ondra@bimovi.cz</email>
	</extension>
</addon>