<?xml version="1.0" encoding="UTF-8"?>
<addon id="plugin.video.sl" version="0.0.3" name="Skylink LiveTV" provider-name="Sorien">
<requires>
  <import addon="xbmc.python" version="2.25.0"/>
  <import addon="script.module.requests" version="2.18.4"/>
  <import addon="script.module.inputstreamhelper" version="0.3.3"/>
</requires>
<extension point="xbmc.service" library="service.py"/>
<extension point="xbmc.python.pluginsource" library="main.py"/>
<extension point="xbmc.addon.metadata">
  <reuselanguageinvoker>false</reuselanguageinvoker>
  <summary lang="en">Skylink LiveTV Addon</summary>
  <description lang="en">PVR playlist and EPG generator for Skylink LiveTV Service[CR][CR]Special thanks go to: koperfield</description>
  <description lang="sk_SK">PVR playlist a EPG generátor pre službu Skylink LiveTV[CR][CR]Špeciálne poďakovanie pre: koperfield</description>
  <description lang="cs_CZ">Plugin vytváří PVR playlist a EPG pro službu Skylink LiveTV.[CR][CR]Zvláštní poděkování: koperfield</description>
  <disclaimer lang="cs_CZ">Vygenerovaný playlist funguje pouze v Kodi 18 Alpha2+/Nightly!</disclaimer>
  <disclaimer lang="en">Playlist generated by this plugin works with Kodi 18 Alpha2+/Nightly only!</disclaimer>
  <disclaimer lang="sk_SK">Vygenerovaný playlist funguje len v Kodi 18 Alpha2+/Nightly!</disclaimer>
  <assets>
    <icon>icon.jpg</icon>
    <screenshot>resources\screenshots\1.jpg</screenshot>
    <screenshot>resources\screenshots\2.jpg</screenshot>
    <screenshot>resources\screenshots\3.jpg</screenshot>
  </assets>  
</extension>
</addon>
