<?xml version="1.0" encoding="UTF-8" standalone="yes"?>
<addon id="plugin.image.rouming" name="Rouming" version="1.4.1" provider-name="jose1711">
	<requires>
		<import addon="xbmc.python" version="3.0.0"/>
		<import addon="script.module.requests" version="2.22.0" />
		<import addon="script.module.beautifulsoup4" version="4.6.0" />
	</requires>
	<extension point="xbmc.python.pluginsource" library="addon.py">
		<provides>image</provides>
	</extension>
	<extension point="xbmc.addon.metadata">
		<platform>all</platform>
		<summary lang="en">Pics and photos from Rouming.cz</summary>
		<description lang="en">Check what's new on Rouming.cz</description>
		<summary lang="sk">Obrázky a fotografie zo serveru Rouming.cz</summary>
		<description lang="sk">Pozri, čo je nové na Roumenovi!</description>
		<summary lang="cz">Obrázky a fotografie ze serveru Rouming.cz</summary>
		<description lang="cz">Mrkni se, co je nového u Roumena!</description>
		<license>GNU GENERAL PUBLIC LICENSE. Version 2, June 1991</license>
		<language/>
		<email>jose1711@gmail.com</email>
    <assets>
      <icon>icon.png</icon>
    </assets>
	</extension>
</addon>
