<?xml version="1.0" encoding="UTF-8"?>
<addon id="plugin.video.sl" version="1.0.2" name="Skylink LiveTV" provider-name="Sorien">
<requires>
  <import addon="xbmc.python" version="2.26.0"/>
  <import addon="script.module.requests" version="2.18.4"/>
  <import addon="script.module.inputstreamhelper" version="0.3.3"/>
</requires>
<extension point="xbmc.service" library="service.py"/>
<extension point="xbmc.python.pluginsource" library="main.py"/>
<extension point="xbmc.addon.metadata">
  <reuselanguageinvoker>true</reuselanguageinvoker>
  <summary lang="en">Skylink LiveTV Addon</summary>
  <description lang="en">PVR playlist and EPG generator for Skylink LiveTV Service</description>
  <description lang="sk_SK">PVR playlist a EPG generátor pre službu Skylink LiveTV</description>
  <description lang="cs_CZ">Plugin vytváří PVR playlist a EPG pro službu Skylink LiveTV</description>
  <license>MIT</license>
  <forum>https://www.xbmc-kodi.cz/prispevek-skylink-livetv-addon-beta</forum>
  <source>https://github.com/Sorien/plugin.video.sl</source>
  <news>
1.0.1
- Pridanie moznosti pouzit najstarsie zariadenie ak ziadne zariadenie nie je dostupne

1.0.0
- Opravy
  </news>
  <assets>
    <icon>icon.png</icon>
    <screenshot>resources\screenshots\1.jpg</screenshot>
    <screenshot>resources\screenshots\2.jpg</screenshot>
    <screenshot>resources\screenshots\3.jpg</screenshot>
  </assets>
</extension>
</addon>
