﻿<?xml version='1.0' encoding='utf-8'?>
    <addon id="plugin.video.stream-cinema" name="Stream Cinema CZ a SK" provider-name="bbaron" version="1.3.28">
    <requires>
        <import addon="xbmc.python" version="2.24.0" />
        <import addon="script.module.stream.resolver" version="1.6.60" />
        <import addon="script.module.buggalo" version="1.1.2" />
        <import addon="script.module.elementtree" version="1.2.8" />
    </requires>
    <extension library="default.py" point="xbmc.python.pluginsource">
        <provides>video</provides>
    </extension>
    <extension library="service.py" point="xbmc.service" start="startup">
        <provides>service</provides>
    </extension>
    <extension library="lib" point="xbmc.python.module" />
    <extension point="xbmc.addon.metadata">
        <summary lang="en">stream-cinema.online - play content from web storage[CR]For proper functioning, it is necessary to [I]register at kra.sk or kra.sk and have payed account[/I].</summary>
        <summary lang="cs">stream-cinema.online - prehravani obsahu z web ulozisk[CR]Pro spravne fungovani je potreba se [I]registrovat na kra.sk anebo kra.sk a mit aktivovane predplatne[/I].</summary>
        <summary lang="sk">stream-cinema.online - prehravanie obsahu z webovych ulozisk[CR]Pre spravne fungovanie je potrebne sa [I]registrovat na kra.sk alebo kra.sk a mat aktivovane predplatne[/I].</summary>
        <platform>all</platform>
        <license>GNU GENERAL PUBLIC LICENSE. Version 3, 29 June 2007</license>
        <source>https://github.com/bbaronSVK/plugin.video.stream-cinema.git</source>
        <assets>
            <icon>icon.png</icon>
            <fanart>fanart.jpg</fanart>
            <screenshot>resources/screenshots/screenshot-01.jpg</screenshot>
            <screenshot>resources/screenshots/screenshot-02.jpg</screenshot>
            <screenshot>resources/screenshots/screenshot-03.jpg</screenshot>
        </assets>
        <disclaimer lang="en">The author of this addon do not host any of the content which is found and have no affiliation with of the content providers. This addon simply search on web storages for content. Use at your own risk!</disclaimer>
        <disclaimer lang="sk">Autor tohto addonu nemá žiaden obsah, ktorý sa v ňom nachádza a nemá žiadnu príslušnosť k poskytovateľovi obsahu. Tento addon iba vyhľadá obsah na web uloziskach. Používajte na vlastné riziko!</disclaimer>
        <disclaimer lang="cs">Autor tohto addonu nemá žáden obsah, který se v ňem nachází a nemá žádnou příslušnost k poskytovateli obsahu. Tento addon jen vyhledává obsah na webovych uloziskach. Používejte na vlastní riziko!</disclaimer>
        <news>uloziska kra.sk a kra.sk</news>
    </extension>
    <extension library="lib" point="xbmc.python.module" />
</addon>
