﻿<?xml version='1.0' encoding='utf-8'?>
<addon id="plugin.video.stream-cinema" name="Stream Cinema CZ a SK" provider-name="bbaron" version="1.2.26">
    <requires>
        <import addon="xbmc.python" version="2.14.0" />
        <import addon="script.module.stream.resolver" version="1.6.51" />
        <import addon="script.module.buggalo" version="1.1.2" />
        <import addon="script.module.elementtree" version="1.2.7" />
    </requires>
    <extension library="default.py" point="xbmc.python.pluginsource">
        <provides>video</provides>
    </extension>
    <extension library="service.py" point="xbmc.service" start="startup">
        <provides>service</provides>
    </extension>
    <extension point="xbmc.addon.metadata">
        <summary lang="en">stream-cinema.online - play content from webshare.cz[CR]For proper functioning, it is necessary to [I]register at webshare.cz and have activated VIP[/I].</summary>
        <summary lang="cs">stream-cinema.online - prehravani obsahu z webshare.cz[CR]Pro spravne fungovani je potreba se [I]registrovat na webshare.cz a mit aktivovane VIP[/I].</summary>
        <summary lang="sk">stream-cinema.online - prehravanie obsahu z webshare.cz[CR]Pre spravne fungovanie je potrebne sa [I]registrovat na webshare.cz a mat aktivovane VIP[/I].</summary>
        <summary lang="he">stream-cinema.online - ניגון תוכן מ-webshare.cz[CR]לתפקוד תקין עליך [I]להירשם ב-webshare.cz ולהיות בעל חשבון VIP פעיל[/I].</summary>
        <platform>all</platform>
        <license>GNU GENERAL PUBLIC LICENSE. Version 3, 29 June 2007</license>
        <source>https://github.com/bbaronSVK/plugin.video.stream-cinema.git</source>
        <assets>
            <icon>icon.png</icon>
            <fanart>fanart.jpg</fanart>
            <screenshot>resources/screenshots/screenshot-01.jpg</screenshot>
            <screenshot>resources/screenshots/screenshot-02.jpg</screenshot>
            <screenshot>resources/screenshots/screenshot-03.jpg</screenshot>
        </assets>
        <disclaimer lang="en">The author of this addon do not host any of the content which is found and have no affiliation with of the content providers. This addon simply search on webshare.cz for content. Use at your own risk!</disclaimer>
        <disclaimer lang="sk">Autor tohto addonu nemá žiaden obsah, ktorý sa v ňom nachádza a nemá žiadnu príslušnosť k poskytovateľovi obsahu. Tento addon iba vyhľadá obsah na webshare.cz. Používajte na vlastné riziko!</disclaimer>
        <disclaimer lang="cs">Autor tohto addonu nemá žáden obsah, který se v ňem nachází a nemá žádnou příslušnost k poskytovateli obsahu. Tento addon jen vyhledává obsah na webshare.cz. Používejte na vlastní riziko!</disclaimer>
        <disclaimer lang="he">-המחבר של ההרחבה זה אינו מארח את התוכן שעלול להימצא ואין לו שום זיקה לספקי התוכן. ההרחבה פשוט מבצעת חיפוש ב webshare.cz עבור תוכן. השימוש הוא על אחריותך בלבד!</disclaimer>  
        <news>[B]1.2.0[/B][CR]- Nova API 1.2[CR]- nove nastavenia:[CR]  - automaticky vyber streamu (jazyk, sekundarny jazyk, kvalita)[CR]  - odfiltrovanie HEVC streamov[CR]  - filtrovanie streamov podla nameranej rychlosti na webshare.cz[CR]- v kontextovom menu je moznost vybrat stream[CR]- v "Moje zoznamy (trakt.tv)" je mozne pridat cely zoznam do kniznice</news>
    </extension>
</addon>
