<?xml version="1.0" encoding="UTF-8" standalone="yes"?>
<addon id="plugin.video.tv.sme.sk"
       name="TV SME.sk"
       version="1.0.9"
       provider-name="Radim Stoklasa">
  <requires>
    <import addon="xbmc.python" version="2.1.0"/>
    <import addon="script.module.dmd-czech.common" version="1.5.5"/>
    <import addon="plugin.video.youtube" version="6.0.0"/>
    <import addon="script.module.elementtree" version="1.2.7" />
  </requires>
  <extension point="xbmc.python.pluginsource" library="default.py">
    <provides>video</provides>
  </extension>
  <extension point="xbmc.addon.metadata">
    <platform>all</platform>
    <summary>Video archive SME.sk</summary>
    <summary lang="sk">Video archív SME.sk</summary>
    <summary lang="cs">Video archiv SME.sk</summary>
    <description>
        Plugin to play video archive video.sme.sk
    </description>
    <description lang="cs">
        Plugin pro přehrávání videí z archivu video.sme.sk
    </description>
    <description lang="sk">
        Plugin pre prehrávenie videí z archívu video.sme.sk
    </description>
    <source>https://github.com/kodi-czsk/plugin.video.tv.sme.sk</source>
  </extension>
</addon>
