<?xml version='1.0' encoding='utf-8'?>
<addon id="plugin.video.tipsport.elh" name="Tipsport ELH" provider-name="Jan Kubový" version="0.6.1">
    <requires>
        <import addon="xbmc.python" version="2.14.0"/>
        <import addon="script.module.requests" version="2.12.4"/>
        <import addon="script.module.pil" version="1.1.7" optional="true"/>
        <import addon="inputstream.adaptive" version="2.3.13" optional="true"/>
        <import addon="inputstream.rtmp" version="2.0.4" optional="true"/>
    </requires>
    <extension library="default.py" point="xbmc.python.pluginsource" provides="video">
        <provides>video</provides>
    </extension>
    <extension point="xbmc.addon.metadata">
        <platform>all</platform>
        <summary lang="en">Tipsport ELH</summary>
        <summary lang="cs">Tipsport ELH</summary>
        <description lang="en">Watch ELH streams from Tipsport.cz. It is necessary to fill account in setting. If you like this addon and want to thank me, you can donate on paypal.me/JanKubovy</description>
        <description lang="cs">Sledujte ELH zápasy ze stránky Tipsport.cz. Pro správné fungování je třeba přidat účet v nastavení. V případě, že se vám addon líbí a chcete mi nějak poděkovat, můžete mi poslat libovolnou částku na paypal.me/JanKubovy</description>
        <disclaimer lang="en">Addon were made for study purposes only and author does not guide anyone to disrespect Tipsport.cz site rules</disclaimer>
        <disclaimer lang="cs">Addon byl vytvořen pro studijní účely a autor nenabáda nikoho k nerespektování pravidel stránky Tipsport.cz</disclaimer>
        <assets>
            <icon>icon.png</icon>
            <screenshot>resources\screenshot-01.jpg</screenshot>
            <screenshot>resources\screenshot-02.jpg</screenshot>
            <screenshot>resources\screenshot-03.jpg</screenshot>
        </assets>
        <news>
v0.6.1(8.3.2019)
  - Disable match logo generating when path has non-ASCII characters
v0.6.0(24.2.2019)
  - New version with Memory Storage and Generating match logos
v0.5.8(17.2.2019)
  - Add Generating match icon
v0.5.7(16.2.2019)
  - Add Memory Storage for session
v0.5.6(27.1.2019)
  - Revert Using Persistant Storage
v0.5.5(23.1.2019)
  - Fix Crash on Android devices
  - Fix Unable get streams
v0.5.4(23.1.2019)
  - Add Persistant Storage (reuse session)
  - Add logger
  - Improve loading speed
v0.5.3(16.1.2019)
  - Add CZ Chance League
v0.5.2(2.12.2018)
  - Improve No internet connection exception catching
v0.5.1(1.12.2018)
  - Change login to mobile web version
  - Add full name for K.Vary
v0.5.0(29.11.2018)
  - Fix new login system
        </news>
    </extension>
</addon>